query_id,query,intent,entities
Q001,3 bedroom homes in San Diego under 800k,property_search,"{""beds"": 3, ""location"": ""San Diego"", ""price_max"": 800000}"
Q002,show me condos in Los Angeles,property_search,"{""property_type"": ""condo"", ""location"": ""Los Angeles""}"
Q003,4br 3ba house in Irvine,property_search,"{""beds"": 4, ""baths"": 3, ""property_type"": ""single family home"", ""location"": ""Irvine""}"
Q004,townhomes for sale near Pasadena between 600k and 900k,property_search,"{""property_type"": ""townhome"", ""location"": ""Pasadena"", ""price_min"": 600000, ""price_max"": 900000}"
Q005,cheapest single family homes in Sacramento,property_search,"{""property_type"": ""single family home"", ""location"": ""Sacramento"", ""sort"": ""price_asc""}"
Q006,homes over 2500 sq ft in Palm Springs,property_search,"{""sqft_min"": 2500, ""location"": ""Palm Springs""}"
Q007,2 bed condo under 500k,property_search,"{""beds"": 2, ""property_type"": ""condo"", ""price_max"": 500000}"
Q008,single story homes in Riverside,property_search,"{""property_type"": ""single-story"", ""location"": ""Riverside""}"
Q009,duplex or triplex in Long Beach for investment,property_search,"{""property_type"": [""duplex"", ""triplex""], ""location"": ""Long Beach""}"
Q010,new construction homes in Fresno,property_search,"{""property_type"": ""new construction"", ""location"": ""Fresno""}"
Q011,homes with a pool and RV parking,feature_search,"{""features"": [""pool"", ""rv parking""]}"
Q012,house with a 3 car garage and big backyard,feature_search,"{""features"": [""three-car garage"", ""backyard""]}"
Q013,looking for a place with an ADU or guest house,feature_search,"{""features"": [""adu"", ""guest house""]}"
Q014,kitchen with quartz countertops and an island,feature_search,"{""features"": [""quartz countertops"", ""kitchen island""]}"
Q015,homes with owned solar,feature_search,"{""features"": [""solar panels""]}"
Q016,primary suite on the main level,feature_search,"{""features"": [""primary suite"", ""downstairs bedroom""]}"
Q017,move in ready home with hardwood floors,feature_search,"{""features"": [""move-in ready"", ""hardwood floors""]}"
Q018,need a home office and fast commute to the freeway,feature_search,"{""features"": [""home office"", ""freeway access""]}"
Q019,houses with mountain views and a fireplace in Sonora,feature_search,"{""features"": [""mountain views"", ""fireplace""], ""location"": ""Sonora""}"
Q020,homes with ev charger and central ac,feature_search,"{""features"": [""ev charger"", ""central air""]}"
Q021,does listing 1173177296 have a garage,listing_details,"{""listing_id"": ""1173177296"", ""features"": [""garage""]}"
Q022,how many bathrooms does 3391 Scarboro have,listing_details,"{""address"": ""3391 Scarboro"", ""field"": ""baths""}"
Q023,what's the HOA fee on this condo,listing_details,"{""field"": ""hoa"", ""property_type"": ""condo""}"
Q024,tell me more about the house at 21999 Fallview,listing_details,"{""address"": ""21999 Fallview""}"
Q025,is the solar on this listing owned or leased,listing_details,"{""features"": [""solar panels""], ""field"": ""solar_ownership""}"
Q026,what year was this home built,listing_details,"{""field"": ""year_built""}"
Q027,summarize the remarks for listing 1176554415,listing_details,"{""listing_id"": ""1176554415"", ""task"": ""summarize""}"
Q028,how big is the lot,listing_details,"{""field"": ""lot_size""}"
Q029,open houses this weekend in Pasadena,open_house,"{""location"": ""Pasadena"", ""date"": ""this weekend""}"
Q030,any open houses on Sunday near me,open_house,"{""date"": ""Sunday"", ""location"": ""near me""}"
Q031,when is the next open house for listing 1173177296,open_house,"{""listing_id"": ""1173177296""}"
Q032,show open houses for 3 bed homes under 1M in Irvine,open_house,"{""beds"": 3, ""price_max"": 1000000, ""location"": ""Irvine""}"
Q033,is there an open house at 3391 Scarboro,open_house,"{""address"": ""3391 Scarboro""}"
Q034,open houses today in Los Angeles,open_house,"{""location"": ""Los Angeles"", ""date"": ""today""}"
Q035,what's the median sold price in San Diego,market_trends,"{""location"": ""San Diego"", ""metric"": ""median_sold_price""}"
Q036,how fast are homes selling in Sacramento,market_trends,"{""location"": ""Sacramento"", ""metric"": ""days_on_market""}"
Q037,are home prices going up in Los Angeles,market_trends,"{""location"": ""Los Angeles"", ""metric"": ""price_trend""}"
Q038,average price per square foot in Palm Springs,market_trends,"{""location"": ""Palm Springs"", ""metric"": ""price_per_sqft""}"
Q039,how many condos sold in Irvine last month,market_trends,"{""location"": ""Irvine"", ""property_type"": ""condo"", ""metric"": ""sales_count"", ""date"": ""last month""}"
Q040,do homes sell over asking in Pasadena,market_trends,"{""location"": ""Pasadena"", ""metric"": ""sale_to_list_ratio""}"
Q041,how much is my house worth at 123 Main St,valuation,"{""address"": ""123 Main St""}"
Q042,what did homes like 21999 Fallview sell for recently,valuation,"{""address"": ""21999 Fallview"", ""task"": ""comps""}"
Q043,is 1.4M a fair price for 3391 Scarboro,valuation,"{""address"": ""3391 Scarboro"", ""price"": 1400000}"
Q044,comps for a 3 bed 2 bath in Riverside,valuation,"{""beds"": 3, ""baths"": 2, ""location"": ""Riverside"", ""task"": ""comps""}"
Q045,estimate value of a 2000 sq ft home in Fresno,valuation,"{""sqft"": 2000, ""location"": ""Fresno""}"
Q046,is this listing overpriced,valuation,"{""task"": ""price_check""}"
Q047,what are the schools like near this house,location_info,"{""topic"": ""schools""}"
Q048,is Sonora a good place to retire,location_info,"{""location"": ""Sonora"", ""topic"": ""lifestyle""}"
Q049,how close is this home to the beach,location_info,"{""topic"": ""proximity"", ""features"": [""beach""]}"
Q050,which neighborhoods in San Diego are walkable,location_info,"{""location"": ""San Diego"", ""features"": [""walking distance""]}"
Q051,is there public transit near downtown Los Angeles,location_info,"{""location"": ""downtown Los Angeles"", ""features"": [""public transportation""]}"
Q052,what's the commute from Riverside to Irvine,location_info,"{""location"": [""Riverside"", ""Irvine""], ""topic"": ""commute""}"
Q053,is it ok to say 'perfect for a young family' in a listing,compliance_check,"{""phrase"": ""perfect for a young family""}"
Q054,check this description for fair housing issues,compliance_check,"{""task"": ""fair_housing_review""}"
Q055,can I write 'no section 8' in the remarks,compliance_check,"{""phrase"": ""no section 8""}"
Q056,is 'walking distance to church' a fair housing violation,compliance_check,"{""phrase"": ""walking distance to church""}"
Q057,can I advertise a listing as 'ideal for empty nesters',compliance_check,"{""phrase"": ""ideal for empty nesters""}"
Q058,rewrite this listing to be fair housing compliant,compliance_check,"{""task"": ""fair_housing_rewrite""}"
Q059,is 'exclusive neighborhood' discriminatory,compliance_check,"{""phrase"": ""exclusive neighborhood""}"
Q060,is 'master bedroom' still allowed in MLS listings,compliance_check,"{""phrase"": ""master bedroom""}"
